{"val_accuracy":0.9737133979797363,"CNN Modelo 1 - Std Accuracy":0.0009759664535522461,"_runtime":222.3979859,"CNN Modelo 2 - Avg Accuracy":0.9907282292842865,"best_epoch":5,"val_loss":0.1624612808227539,"best_val_loss":0.14977723360061646,"_step":11,"epoch":9,"_wandb":{"runtime":403},"CNN Modelo 2 - Std Accuracy":0.002590090036392212,"loss":0.04059132561087608,"CNN Modelo 1 - Avg Accuracy":0.9722973108291626,"accuracy":0.9868243336677551,"_timestamp":1.732605782002405e+09}