{"_wandb":{"runtime":229},"_timestamp":1.7326045348872595e+09,"_runtime":140.0700725,"_step":1,"CNN Modelo 1 - Avg Accuracy":0.9762011766433716,"CNN Modelo 1 - Std Accuracy":0.004504501819610596,"CNN Modelo 2 - Avg Accuracy":0.9891892075538635,"CNN Modelo 2 - Std Accuracy":0.0015015006065368652}