{"_runtime":149.2074613,"_step":1,"CNN Modelo 1 - Avg Accuracy":0.976201206445694,"CNN Modelo 2 - Avg Accuracy":0.9897897839546204,"CNN Modelo 2 - Std Accuracy":0.00045043230056762695,"_wandb":{"runtime":245},"CNN Modelo 1 - Std Accuracy":0.008408397436141968,"_timestamp":1.732603765827661e+09}