{"_wandb":{"runtime":610},"_runtime":142.7893097,"_step":1,"CNN Modelo 1 - Avg Accuracy":0.977477490901947,"CNN Modelo 1 - Std Accuracy":0.00030028820037841797,"_timestamp":1.7326050539818897e+09,"CNN Modelo 2 - Avg Accuracy":0.9909534454345703,"CNN Modelo 2 - Std Accuracy":0.0007132291793823242}