{"CNN Modelo 1 - Avg Accuracy":0.975488007068634,"CNN Modelo 1 - Std Accuracy":0.0034909844398498535,"_timestamp":1.7326034630864537e+09,"_runtime":144.7152888,"_step":1,"CNN Modelo 2 - Avg Accuracy":0.9886636435985565,"CNN Modelo 2 - Std Accuracy":0.0009008944034576416,"_wandb":{"runtime":264}}