{"CNN Modelo 1 - Std Accuracy":0.012537539005279541,"_timestamp":1.7326040432835524e+09,"_runtime":144.1250375,"_step":1,"CNN Modelo 2 - Avg Accuracy":0.9898648858070374,"CNN Modelo 2 - Std Accuracy":0.0015015006065368652,"_wandb":{"runtime":321},"CNN Modelo 1 - Avg Accuracy":0.9679429531097412}