{"_step":1,"CNN Modelo 2 - Avg Accuracy":0.9884009063243866,"CNN Modelo 2 - Std Accuracy":0.002439945936203003,"_wandb":{"runtime":208},"CNN Modelo 1 - Avg Accuracy":0.9759759604930878,"CNN Modelo 1 - Std Accuracy":0.007282286882400513,"_timestamp":1.7326032148628578e+09,"_runtime":145.3253646}